Model,RMSE,MAE,R2
XGBoost,1420.9855734665289,1073.4493408203125,0.9562432765960693
Random_Forest,1600.616571679668,1211.2399894808427,0.9444812103103992
Ridge_Regression,2050.949516121092,1580.8734807875235,0.908846087786103
Linear_Regression,2052.068639464919,1582.6644939504108,0.9087465823596108
